Method,Iterations,x,EOC,Error
Fixpoint Iteration,0,,,
Bisection,1000,(3+0j),,
Newton,1000,(2.1430172143105608e+301-5.375210228317684e+287j),0.9999999999999993,2.1430172143105608e+301
